[{"model": "admin.logentry", "pk": 1, "fields": {"action_time": "2021-01-31T09:42:18.641Z", "user": 1, "content_type": 6, "object_id": "1", "object_repr": "Новинки", "action_flag": 1, "change_message": "[{\"added\": {}}]"}}, {"model": "admin.logentry", "pk": 2, "fields": {"action_time": "2021-01-31T09:42:39.226Z", "user": 1, "content_type": 6, "object_id": "2", "object_repr": "Одежда", "action_flag": 1, "change_message": "[{\"added\": {}}]"}}, {"model": "admin.logentry", "pk": 3, "fields": {"action_time": "2021-01-31T09:42:47.898Z", "user": 1, "content_type": 6, "object_id": "3", "object_repr": "Обувь", "action_flag": 1, "change_message": "[{\"added\": {}}]"}}, {"model": "admin.logentry", "pk": 4, "fields": {"action_time": "2021-01-31T09:42:56.157Z", "user": 1, "content_type": 6, "object_id": "4", "object_repr": "Аксессуары", "action_flag": 1, "change_message": "[{\"added\": {}}]"}}, {"model": "admin.logentry", "pk": 5, "fields": {"action_time": "2021-01-31T09:42:59.565Z", "user": 1, "content_type": 6, "object_id": "5", "object_repr": "П", "action_flag": 1, "change_message": "[{\"added\": {}}]"}}, {"model": "admin.logentry", "pk": 6, "fields": {"action_time": "2021-01-31T09:43:11.055Z", "user": 1, "content_type": 6, "object_id": "5", "object_repr": "Подарки", "action_flag": 2, "change_message": "[{\"changed\": {\"fields\": [\"Name\"]}}]"}}, {"model": "admin.logentry", "pk": 7, "fields": {"action_time": "2021-01-31T09:45:46.985Z", "user": 1, "content_type": 7, "object_id": "1", "object_repr": "Худи черного цвета с монограммами adidas Originals | Одежда", "action_flag": 1, "change_message": "[{\"added\": {}}]"}}, {"model": "admin.logentry", "pk": 8, "fields": {"action_time": "2021-01-31T09:46:44.706Z", "user": 1, "content_type": 7, "object_id": "2", "object_repr": "Синяя куртка The North Face | Одежда", "action_flag": 1, "change_message": "[{\"added\": {}}]"}}, {"model": "admin.logentry", "pk": 9, "fields": {"action_time": "2021-01-31T09:47:39.692Z", "user": 1, "content_type": 7, "object_id": "3", "object_repr": "Коричневый спортивный oversized-топ ASOS DESIGN | Одежда", "action_flag": 1, "change_message": "[{\"added\": {}}]"}}, {"model": "admin.logentry", "pk": 10, "fields": {"action_time": "2021-01-31T09:48:21.434Z", "user": 1, "content_type": 7, "object_id": "4", "object_repr": "Черный рюкзак Nike Heritage | Аксессуары", "action_flag": 1, "change_message": "[{\"added\": {}}]"}}, {"model": "admin.logentry", "pk": 11, "fields": {"action_time": "2021-01-31T09:48:57.970Z", "user": 1, "content_type": 7, "object_id": "5", "object_repr": "Черные туфли на платформе с 3 парами люверсов Dr Martens 1461 Bex | Обувь", "action_flag": 1, "change_message": "[{\"added\": {}}]"}}, {"model": "admin.logentry", "pk": 12, "fields": {"action_time": "2021-01-31T09:49:41.076Z", "user": 1, "content_type": 7, "object_id": "6", "object_repr": "Темно-синие широкие строгие брюки ASOS DESIGN | Одежда", "action_flag": 1, "change_message": "[{\"added\": {}}]"}}, {"model": "admin.logentry", "pk": 13, "fields": {"action_time": "2021-04-11T12:01:25.298Z", "user": 1, "content_type": 6, "object_id": "5", "object_repr": "Подарки", "action_flag": 2, "change_message": "[{\"changed\": {\"fields\": [\"Is active\"]}}]"}}, {"model": "admin.logentry", "pk": 14, "fields": {"action_time": "2021-04-11T12:01:41.068Z", "user": 1, "content_type": 6, "object_id": "5", "object_repr": "Подарки", "action_flag": 2, "change_message": "[{\"changed\": {\"fields\": [\"Is active\"]}}]"}}, {"model": "admin.logentry", "pk": 15, "fields": {"action_time": "2021-04-11T12:08:48.575Z", "user": 1, "content_type": 6, "object_id": "5", "object_repr": "Подарки", "action_flag": 2, "change_message": "[{\"changed\": {\"fields\": [\"Is active\"]}}]"}}, {"model": "sessions.session", "pk": "7qo5qc56f600jo2ydttgnbsucpfushxu", "fields": {"session_data": ".eJxVjDsOwjAQBe_iGln-20tJnzNYa--CAyiW8qkQd4dIKaB9M_NeIuO2trwtPOeRxFlocfrdCtYHTzugO063Lmuf1nksclfkQRc5dOLn5XD_Dhou7VsnUGwCRK-cTeS9AaCEkNAWzbVoHTAql-w1kvHBK45QHWENRodUGMT7A7QINv0:1l7aOY:JPVYIC5003ptVmiTRO-DFE0RXkhIzDyuPSMYLqm4n28", "expire_date": "2021-02-18T08:53:46.318Z"}}, {"model": "sessions.session", "pk": "q5lxqscql6stz278czvetj3ph3tq26f8", "fields": {"session_data": ".eJxVjDsOwjAQBe_iGln-20tJnzNYa--CAyiW8qkQd4dIKaB9M_NeIuO2trwtPOeRxFlocfrdCtYHTzugO063Lmuf1nksclfkQRc5dOLn5XD_Dhou7VsnUGwCRK-cTeS9AaCEkNAWzbVoHTAql-w1kvHBK45QHWENRodUGMT7A7QINv0:1lVYOF:AhgG0vkylsqmkS8fSayC28cxli5Z26FOZCr93Rv5z_A", "expire_date": "2021-04-25T11:36:31.813Z"}}, {"model": "sessions.session", "pk": "qfqscht47sosvbhx42k0dcpm8mjmm2y4", "fields": {"session_data": ".eJxVjDsOwjAQBe_iGlk4_sWU9JzBWu-ucQDZUpxUiLuTSCmgnZn33iLCupS4dp7jROIilBWnX5gAn1x3Qw-o9yax1WWektwTedgub434dT3av4MCvWxrD5BwQKcVW-d8djplTf68EU9IgRNpzdmaMYEbDRrMeVAUgs2MXmnx-QIr6TkH:1lLNBb:QriAqUrV_xaS5WQ_CN-VFwe6VX5xSTG4ryfIKbXG0rs", "expire_date": "2021-03-28T09:37:23.641Z"}}, {"model": "sessions.session", "pk": "wx1t3nyroaq2clbdo2sevu3pvosw9zgc", "fields": {"session_data": ".eJxVjDsOwjAQBe_iGln-20tJnzNYa--CAyiW8qkQd4dIKaB9M_NeIuO2trwtPOeRxFlocfrdCtYHTzugO063Lmuf1nksclfkQRc5dOLn5XD_Dhou7VsnUGwCRK-cTeS9AaCEkNAWzbVoHTAql-w1kvHBK45QHWENRodUGMT7A7QINv0:1lTPCL:tcwGIkciz-7aKULdQqCcb_DQpFIIh44ECdXap_i6PbI", "expire_date": "2021-04-19T13:23:21.874Z"}}, {"model": "mainapp.productcategory", "pk": 1, "fields": {"name": "Новинки", "description": "", "is_active": true}}, {"model": "mainapp.productcategory", "pk": 2, "fields": {"name": "Одежда", "description": "", "is_active": true}}, {"model": "mainapp.productcategory", "pk": 3, "fields": {"name": "Обувь", "description": "", "is_active": true}}, {"model": "mainapp.productcategory", "pk": 4, "fields": {"name": "Аксессуары", "description": "", "is_active": true}}, {"model": "mainapp.productcategory", "pk": 5, "fields": {"name": "Подарки", "description": "", "is_active": false}}, {"model": "mainapp.product", "pk": 1, "fields": {"name": "Худи черного цвета с монограммами adidas Originals", "image": "product_images/Adidas-hoodie_pKjKwwG.png", "description": "", "short_description": "Мягкая ткань для свитшотов. Стиль и комфорт – это образ жизни.", "price": "6090.00", "quantity": 25, "category": 2, "is_active": true}}, {"model": "mainapp.product", "pk": 2, "fields": {"name": "Синяя куртка The North Face", "image": "product_images/Blue-jacket-The-North-Face_xXOtl6u.png", "description": "", "short_description": "Гладкая ткань. Водонепроницаемое покрытие. Легкий и теплый пухов", "price": "23725.00", "quantity": 35, "category": 2, "is_active": true}}, {"model": "mainapp.product", "pk": 3, "fields": {"name": "Коричневый спортивный oversized-топ ASOS DESIGN", "image": "product_images/Brown-sports-oversized-top-ASOS-DESIGN_BhRDDhr.png", "description": "", "short_description": "Материал с плюшевой текстурой. Удобный и мягкий.", "price": "3390.00", "quantity": 45, "category": 2, "is_active": true}}, {"model": "mainapp.product", "pk": 4, "fields": {"name": "Черный рюкзак Nike Heritage", "image": "product_images/Black-Nike-Heritage-backpack_ZbaTyCf.png", "description": "", "short_description": "Плотная ткань. Легкий материал.", "price": "2340.00", "quantity": 52, "category": 4, "is_active": true}}, {"model": "mainapp.product", "pk": 5, "fields": {"name": "Черные туфли на платформе с 3 парами люверсов Dr Martens 1461 Bex", "image": "product_images/Black-Dr-Martens-shoes_Wp3oSEt.png", "description": "", "short_description": "Гладкий кожаный верх. Натуральный материал.", "price": "13590.00", "quantity": 25, "category": 3, "is_active": true}}, {"model": "mainapp.product", "pk": 6, "fields": {"name": "Темно-синие широкие строгие брюки ASOS DESIGN", "image": "product_images/Dark-blue-wide-leg-ASOs-DESIGN-trousers_sR1qb57.png", "description": "", "short_description": "Легкая эластичная ткань сирсакер Фактурная ткань.", "price": "2890.00", "quantity": 30, "category": 2, "is_active": true}}, {"model": "authapp.user", "pk": 1, "fields": {"password": "pbkdf2_sha256$216000$iJyXKzyfsEbk$H5LzXTxX19r7PHyBFueikhmsJdHY6Ur1vICKPWMhypc=", "last_login": "2021-04-11T11:36:30.213Z", "is_superuser": true, "username": "andilin75", "first_name": "Андрей", "last_name": "Ильин", "email": "", "is_staff": true, "is_active": true, "date_joined": "2021-01-30T11:14:06.535Z", "avatar": "users_avatar/multifandom.ru-195_xEeEFsq.jpg", "age": null, "activation_key": null, "activation_key_expired": "2021-03-15T10:34:27.270Z", "groups": [], "user_permissions": []}}, {"model": "authapp.user", "pk": 2, "fields": {"password": "pbkdf2_sha256$216000$35g2jjnMf2vq$5wCF+Jws+Nq7Mn2rZcIr+KkV+XWAr5Ai5f9uiGdRhis=", "last_login": "2021-03-25T06:18:53.512Z", "is_superuser": false, "username": "andilin75_", "first_name": "Андрей", "last_name": "Ильин", "email": "ilinav75@mail.ru", "is_staff": false, "is_active": true, "date_joined": "2021-01-30T14:49:39.283Z", "avatar": "users_avatar/multifandom.ru-195.jpg", "age": null, "activation_key": null, "activation_key_expired": "2021-03-15T10:34:27.270Z", "groups": [], "user_permissions": []}}, {"model": "authapp.user", "pk": 3, "fields": {"password": "pbkdf2_sha256$216000$jv6Ag0yjiPzB$ttMQ6ACci5qChcdJld3ElnPgLQMIXsjkAklSs5WB0+s=", "last_login": "2021-03-25T12:12:59.300Z", "is_superuser": false, "username": "andilin75_2", "first_name": "Andrey", "last_name": "Ilyin", "email": "ilinav75@mail.ru", "is_staff": false, "is_active": true, "date_joined": "2021-02-06T12:35:03.048Z", "avatar": "", "age": null, "activation_key": null, "activation_key_expired": "2021-03-15T10:34:27.270Z", "groups": [], "user_permissions": []}}, {"model": "authapp.user", "pk": 4, "fields": {"password": "pbkdf2_sha256$216000$ft9hozQqJe5U$t74wuhaUQfsDlV5IpeEX50CLynpMdUJ3cjNfEZrOFZE=", "last_login": null, "is_superuser": false, "username": "andilin75_3", "first_name": "Andrey", "last_name": "Ilyin", "email": "ilinav75@mail.ru", "is_staff": false, "is_active": true, "date_joined": "2021-02-06T13:01:53.798Z", "avatar": "", "age": null, "activation_key": null, "activation_key_expired": "2021-03-15T10:34:27.270Z", "groups": [], "user_permissions": []}}, {"model": "authapp.user", "pk": 5, "fields": {"password": "pbkdf2_sha256$216000$WlwtCS7bE9QA$376QX0KYGtKn2RSvugPzDJ9oLh9WTkFSRkhhGYwrLU4=", "last_login": "2021-02-07T08:48:09.944Z", "is_superuser": false, "username": "andilin75_4", "first_name": "дима", "last_name": "харатьян", "email": "ilinav75@mail.ru", "is_staff": false, "is_active": false, "date_joined": "2021-02-06T13:08:59.134Z", "avatar": "users_avatar/multifandom.ru-195_2GRCxdP.jpg", "age": null, "activation_key": null, "activation_key_expired": "2021-03-15T10:34:27.270Z", "groups": [], "user_permissions": []}}, {"model": "authapp.user", "pk": 6, "fields": {"password": "pbkdf2_sha256$216000$YmJKjXBmwCey$k65Dm0cLXuL52fiOg+jaRVNaVCV4liUfMh5S5vruWAE=", "last_login": null, "is_superuser": false, "username": "andilin75_11", "first_name": "Andrey", "last_name": "Ilyin", "email": "ilinav75@mail.ru", "is_staff": false, "is_active": false, "date_joined": "2021-02-14T15:49:59.518Z", "avatar": "users_avatar/multifandom.ru-195_IUO8NLc.jpg", "age": null, "activation_key": null, "activation_key_expired": "2021-03-15T10:34:27.270Z", "groups": [], "user_permissions": []}}, {"model": "authapp.user", "pk": 7, "fields": {"password": "pbkdf2_sha256$216000$f2lSoOb8o7tb$7e7072XsglNXPvqJGV+krjiAil5kQQtGJ6i24MpPzoM=", "last_login": null, "is_superuser": false, "username": "gkdgkf", "first_name": "sfjdkdgulf", "last_name": "kfjgkfl", "email": "ilinav75@mail.ru", "is_staff": false, "is_active": false, "date_joined": "2021-03-13T11:06:03.120Z", "avatar": "", "age": null, "activation_key": "5893427c1b248a9d4340879eb6c72452560de2fc", "activation_key_expired": "2021-03-15T11:04:50.709Z", "groups": [], "user_permissions": []}}, {"model": "authapp.user", "pk": 8, "fields": {"password": "pbkdf2_sha256$216000$nM71oS2lqz9m$DFZ5qOo2r2ULGV74P5QBiuuwHo7EoaIBf0uEcmd+OmE=", "last_login": null, "is_superuser": false, "username": "fhsds", "first_name": "sfjdkdgulf", "last_name": "kfjgkfl", "email": "ilinav75@mail.ru", "is_staff": false, "is_active": false, "date_joined": "2021-03-13T11:52:29.722Z", "avatar": "", "age": null, "activation_key": "5a1aee47c99b630278b9f48144aed882abd86011", "activation_key_expired": "2021-03-15T11:52:00.279Z", "groups": [], "user_permissions": []}}, {"model": "authapp.user", "pk": 9, "fields": {"password": "pbkdf2_sha256$216000$RTxeGJA0XHnH$JhJv46GERFk5ecEieOJLQ/4dxt99HF+F+LZvGsgFBl0=", "last_login": null, "is_superuser": false, "username": "jssr", "first_name": "rhysh", "last_name": "tjsrtj", "email": "trrhth54@mail.ru", "is_staff": false, "is_active": false, "date_joined": "2021-03-13T11:58:47.174Z", "avatar": "", "age": null, "activation_key": "c01f686597a75679ac2405d2b0ee0170234c6637", "activation_key_expired": "2021-03-15T11:56:56.813Z", "groups": [], "user_permissions": []}}, {"model": "authapp.user", "pk": 10, "fields": {"password": "pbkdf2_sha256$216000$GV2N41zLHpzc$NhTep99FuQx+GMlwAd2W7QfwM2s18TMJBBYC2NsteJM=", "last_login": null, "is_superuser": false, "username": "wyyyyyyyyyyyyyy", "first_name": "tyetye", "last_name": "ywetyw", "email": "trrhth54@mail.ru", "is_staff": false, "is_active": false, "date_joined": "2021-03-13T12:06:46.889Z", "avatar": "", "age": null, "activation_key": "29160ea8c4182ad770e54b7581bbe8e275287843", "activation_key_expired": "2021-03-15T12:05:32.279Z", "groups": [], "user_permissions": []}}, {"model": "authapp.user", "pk": 11, "fields": {"password": "pbkdf2_sha256$216000$f39Porhdd07a$TChzBACuxOTtq+MzDFxU5oNeQbWLljJE1P3qpc/9zkM=", "last_login": "2021-03-13T12:21:02.026Z", "is_superuser": false, "username": "sgg", "first_name": "srh", "last_name": "hs", "email": "trrhth54@mail.ru", "is_staff": false, "is_active": true, "date_joined": "2021-03-13T12:17:36.177Z", "avatar": "", "age": null, "activation_key": null, "activation_key_expired": "2021-03-15T12:17:15.938Z", "groups": [], "user_permissions": []}}, {"model": "authapp.user", "pk": 12, "fields": {"password": "pbkdf2_sha256$216000$lLtFljs9Jayv$gBmOEA5VD0+qMAVZlEEbCUwCotUiFHGjpz3Ft5cKd5w=", "last_login": null, "is_superuser": false, "username": "andilin75_12", "first_name": "Andrey", "last_name": "Ilyin", "email": "ilinav75@mail.ru", "is_staff": false, "is_active": false, "date_joined": "2021-03-14T08:35:07.417Z", "avatar": "", "age": null, "activation_key": "541e5da69b1f01e0392f1cab34ee5842129c6b74", "activation_key_expired": "2021-03-16T08:33:03.714Z", "groups": [], "user_permissions": []}}, {"model": "authapp.user", "pk": 13, "fields": {"password": "pbkdf2_sha256$216000$SMx3X5yiMwAo$PupJrMwI+FrXocXPlfQnG7XX7pZfg5JLsL1GCOn2di4=", "last_login": null, "is_superuser": false, "username": "andilin75_13", "first_name": "Вячеслав", "last_name": "Ильин", "email": "ilinav75@mail.ru", "is_staff": false, "is_active": false, "date_joined": "2021-03-14T08:46:38.152Z", "avatar": "", "age": null, "activation_key": "1a6bb0f3275de9449ec8ed15a5ad00213275d3d3", "activation_key_expired": "2021-03-16T08:45:59.713Z", "groups": [], "user_permissions": []}}, {"model": "authapp.user", "pk": 14, "fields": {"password": "pbkdf2_sha256$216000$TowYMtzwfBmI$XcVmAAR1GNWxUXuaD+FtyOTCbknGMrjhawTj18yeB4M=", "last_login": null, "is_superuser": false, "username": "andilin75_14", "first_name": "Вячеслав", "last_name": "Ильин", "email": "ilinav75@mail.ru", "is_staff": false, "is_active": false, "date_joined": "2021-03-14T09:10:02.377Z", "avatar": "", "age": null, "activation_key": "9198eceae993d3448252ecfb6a2432b8feb54bdd", "activation_key_expired": "2021-03-16T09:09:36.327Z", "groups": [], "user_permissions": []}}, {"model": "authapp.user", "pk": 15, "fields": {"password": "pbkdf2_sha256$216000$mxh9Ba8rbQzb$sMeNIggm0x3tXL6rGWX+Hq0of6dxr4OhNdy64EoFcrw=", "last_login": "2021-03-14T12:54:16.432Z", "is_superuser": false, "username": "andilin75_15", "first_name": "Вячеслав", "last_name": "Ильин", "email": "ilinav75@mail.ru", "is_staff": false, "is_active": true, "date_joined": "2021-03-14T09:18:44.543Z", "avatar": "", "age": null, "activation_key": null, "activation_key_expired": "2021-03-16T09:18:22.544Z", "groups": [], "user_permissions": []}}, {"model": "authapp.user", "pk": 16, "fields": {"password": "!3peTzJWd4QIFps2mTr6njpSAkK9KJq1vxcfJSa5U", "last_login": "2021-03-18T13:12:38.537Z", "is_superuser": false, "username": "id612528353", "first_name": "Андрей", "last_name": "Ильин", "email": "ilinav75@mail.ru", "is_staff": false, "is_active": true, "date_joined": "2021-03-17T10:26:44.764Z", "avatar": "", "age": 18, "activation_key": null, "activation_key_expired": "2021-03-19T10:24:56.106Z", "groups": [], "user_permissions": []}}, {"model": "authapp.user", "pk": 17, "fields": {"password": "pbkdf2_sha256$216000$4qNgKGBuJmia$pXuhahpJgm/TlRbpv2tBzvvKUyI/l5FB4Pvd2EX+sX8=", "last_login": null, "is_superuser": false, "username": "andilin75_24", "first_name": "Andrey", "last_name": "Ilyin", "email": "ilinav75@mail.ru", "is_staff": false, "is_active": false, "date_joined": "2021-04-05T13:22:37.771Z", "avatar": "", "age": 18, "activation_key": "dd7973f405ccdc50567f93acd18ff5d4852ec856", "activation_key_expired": "2021-04-07T13:16:18.547Z", "groups": [], "user_permissions": []}}, {"model": "authapp.shopuserprofile", "pk": 1, "fields": {"user": 1, "tagline": "", "aboutMe": "", "gender": "M"}}, {"model": "authapp.shopuserprofile", "pk": 2, "fields": {"user": 2, "tagline": "", "aboutMe": "", "gender": ""}}, {"model": "authapp.shopuserprofile", "pk": 3, "fields": {"user": 3, "tagline": "", "aboutMe": "", "gender": ""}}, {"model": "authapp.shopuserprofile", "pk": 4, "fields": {"user": 4, "tagline": "", "aboutMe": "", "gender": ""}}, {"model": "authapp.shopuserprofile", "pk": 5, "fields": {"user": 5, "tagline": "", "aboutMe": "", "gender": ""}}, {"model": "authapp.shopuserprofile", "pk": 6, "fields": {"user": 6, "tagline": "", "aboutMe": "", "gender": ""}}, {"model": "authapp.shopuserprofile", "pk": 7, "fields": {"user": 7, "tagline": "", "aboutMe": "", "gender": ""}}, {"model": "authapp.shopuserprofile", "pk": 8, "fields": {"user": 8, "tagline": "", "aboutMe": "", "gender": ""}}, {"model": "authapp.shopuserprofile", "pk": 9, "fields": {"user": 9, "tagline": "", "aboutMe": "", "gender": ""}}, {"model": "authapp.shopuserprofile", "pk": 10, "fields": {"user": 10, "tagline": "", "aboutMe": "", "gender": ""}}, {"model": "authapp.shopuserprofile", "pk": 11, "fields": {"user": 11, "tagline": "", "aboutMe": "", "gender": ""}}, {"model": "authapp.shopuserprofile", "pk": 12, "fields": {"user": 12, "tagline": "", "aboutMe": "", "gender": ""}}, {"model": "authapp.shopuserprofile", "pk": 13, "fields": {"user": 13, "tagline": "", "aboutMe": "", "gender": ""}}, {"model": "authapp.shopuserprofile", "pk": 14, "fields": {"user": 14, "tagline": "", "aboutMe": "", "gender": ""}}, {"model": "authapp.shopuserprofile", "pk": 15, "fields": {"user": 15, "tagline": "", "aboutMe": "", "gender": ""}}, {"model": "authapp.shopuserprofile", "pk": 16, "fields": {"user": 16, "tagline": "", "aboutMe": "", "gender": "M"}}, {"model": "authapp.shopuserprofile", "pk": 17, "fields": {"user": 17, "tagline": "", "aboutMe": "", "gender": ""}}, {"model": "basket.basket", "pk": 15, "fields": {"user": 15, "product": 6, "quantity": 2, "created_timestamp": "2021-03-14T11:10:56.794Z"}}, {"model": "basket.basket", "pk": 16, "fields": {"user": 15, "product": 4, "quantity": 1, "created_timestamp": "2021-03-14T13:17:35.833Z"}}, {"model": "basket.basket", "pk": 17, "fields": {"user": 15, "product": 3, "quantity": 1, "created_timestamp": "2021-03-14T13:17:39.549Z"}}, {"model": "basket.basket", "pk": 23, "fields": {"user": 16, "product": 4, "quantity": 1, "created_timestamp": "2021-03-18T12:31:15.606Z"}}, {"model": "social_django.usersocialauth", "pk": 1, "fields": {"user": 16, "provider": "vk-oauth2", "uid": "612528353", "extra_data": "{\"auth_time\": 1616073158, \"id\": 612528353, \"expires\": 86400, \"access_token\": \"169b5a3ada7ab01b3b44ed8f79e356e5cfa38060d6a580e411a33bc09baf2653ee5644b438ff35e3dfc27\", \"token_type\": null}", "created": "2021-03-17T10:26:44.884Z", "modified": "2021-03-18T13:12:38.131Z"}}, {"model": "ordersapp.order", "pk": 1, "fields": {"user": 1, "created": "2021-03-22T14:22:58.781Z", "updated": "2021-03-22T16:35:37.768Z", "status": "FM", "is_active": false}}, {"model": "ordersapp.order", "pk": 2, "fields": {"user": 1, "created": "2021-03-22T16:48:01.704Z", "updated": "2021-03-22T16:49:39.758Z", "status": "FM", "is_active": false}}, {"model": "ordersapp.order", "pk": 3, "fields": {"user": 1, "created": "2021-03-22T16:52:57.894Z", "updated": "2021-03-24T07:58:30.313Z", "status": "STP", "is_active": true}}, {"model": "ordersapp.order", "pk": 4, "fields": {"user": 1, "created": "2021-03-24T07:47:54.254Z", "updated": "2021-03-25T11:55:49.124Z", "status": "FM", "is_active": true}}, {"model": "ordersapp.order", "pk": 5, "fields": {"user": 1, "created": "2021-03-24T08:10:01.775Z", "updated": "2021-03-24T08:18:47.909Z", "status": "FM", "is_active": false}}, {"model": "ordersapp.order", "pk": 6, "fields": {"user": 1, "created": "2021-03-24T09:35:25.109Z", "updated": "2021-03-24T09:36:34.239Z", "status": "STP", "is_active": true}}, {"model": "ordersapp.order", "pk": 7, "fields": {"user": 2, "created": "2021-03-25T06:19:15.465Z", "updated": "2021-03-25T06:19:15.711Z", "status": "FM", "is_active": true}}, {"model": "ordersapp.order", "pk": 8, "fields": {"user": 1, "created": "2021-03-25T06:20:53.665Z", "updated": "2021-03-25T12:07:59.556Z", "status": "FM", "is_active": true}}, {"model": "ordersapp.order", "pk": 9, "fields": {"user": 1, "created": "2021-03-25T07:26:15.516Z", "updated": "2021-03-25T07:26:16.159Z", "status": "FM", "is_active": false}}, {"model": "ordersapp.order", "pk": 10, "fields": {"user": 1, "created": "2021-03-25T09:47:30.748Z", "updated": "2021-03-25T12:12:34.376Z", "status": "FM", "is_active": false}}, {"model": "ordersapp.order", "pk": 11, "fields": {"user": 3, "created": "2021-03-25T12:13:35.495Z", "updated": "2021-03-25T12:13:35.698Z", "status": "FM", "is_active": true}}, {"model": "ordersapp.order", "pk": 12, "fields": {"user": 1, "created": "2021-03-25T12:29:09.290Z", "updated": "2021-03-25T12:29:09.496Z", "status": "FM", "is_active": true}}, {"model": "ordersapp.order", "pk": 13, "fields": {"user": 1, "created": "2021-03-25T12:31:10.772Z", "updated": "2021-03-25T12:31:11.187Z", "status": "FM", "is_active": false}}, {"model": "ordersapp.order", "pk": 14, "fields": {"user": 1, "created": "2021-03-25T13:01:55.853Z", "updated": "2021-03-25T13:01:56.675Z", "status": "FM", "is_active": false}}, {"model": "ordersapp.order", "pk": 15, "fields": {"user": 1, "created": "2021-03-27T15:39:35.221Z", "updated": "2021-03-27T15:47:16.152Z", "status": "FM", "is_active": true}}, {"model": "ordersapp.order", "pk": 16, "fields": {"user": 1, "created": "2021-03-27T15:40:07.631Z", "updated": "2021-03-27T15:42:33.072Z", "status": "FM", "is_active": false}}, {"model": "ordersapp.order", "pk": 17, "fields": {"user": 1, "created": "2021-03-27T15:46:49.162Z", "updated": "2021-03-27T15:47:23.521Z", "status": "STP", "is_active": true}}, {"model": "ordersapp.order", "pk": 18, "fields": {"user": 1, "created": "2021-03-27T15:47:51.371Z", "updated": "2021-03-28T10:13:32.599Z", "status": "FM", "is_active": false}}, {"model": "ordersapp.order", "pk": 19, "fields": {"user": 1, "created": "2021-03-28T10:15:05.935Z", "updated": "2021-03-28T10:15:15.328Z", "status": "FM", "is_active": false}}, {"model": "ordersapp.order", "pk": 20, "fields": {"user": 1, "created": "2021-03-28T11:02:45.930Z", "updated": "2021-03-29T11:41:53.185Z", "status": "FM", "is_active": false}}, {"model": "ordersapp.order", "pk": 21, "fields": {"user": 1, "created": "2021-03-28T12:27:42.214Z", "updated": "2021-03-28T12:27:42.481Z", "status": "FM", "is_active": true}}, {"model": "ordersapp.order", "pk": 22, "fields": {"user": 1, "created": "2021-03-28T14:00:46.234Z", "updated": "2021-04-08T06:33:42.019Z", "status": "FM", "is_active": true}}, {"model": "ordersapp.order", "pk": 23, "fields": {"user": 1, "created": "2021-03-29T10:58:57.422Z", "updated": "2021-04-08T06:28:18.998Z", "status": "FM", "is_active": true}}, {"model": "ordersapp.order", "pk": 24, "fields": {"user": 1, "created": "2021-04-05T13:31:57.382Z", "updated": "2021-04-05T13:32:21.811Z", "status": "STP", "is_active": true}}, {"model": "ordersapp.order", "pk": 25, "fields": {"user": 1, "created": "2021-04-08T06:28:54.435Z", "updated": "2021-04-08T06:28:55.027Z", "status": "FM", "is_active": false}}, {"model": "ordersapp.orderitem", "pk": 1, "fields": {"order": 1, "product": 6, "quantity": 4}}, {"model": "ordersapp.orderitem", "pk": 2, "fields": {"order": 1, "product": 4, "quantity": 3}}, {"model": "ordersapp.orderitem", "pk": 3, "fields": {"order": 2, "product": 3, "quantity": 1}}, {"model": "ordersapp.orderitem", "pk": 4, "fields": {"order": 3, "product": 3, "quantity": 2}}, {"model": "ordersapp.orderitem", "pk": 5, "fields": {"order": 4, "product": 4, "quantity": 1}}, {"model": "ordersapp.orderitem", "pk": 6, "fields": {"order": 5, "product": 6, "quantity": 0}}, {"model": "ordersapp.orderitem", "pk": 7, "fields": {"order": 5, "product": 4, "quantity": 1}}, {"model": "ordersapp.orderitem", "pk": 8, "fields": {"order": 5, "product": 3, "quantity": 1}}, {"model": "ordersapp.orderitem", "pk": 9, "fields": {"order": 6, "product": 6, "quantity": 4}}, {"model": "ordersapp.orderitem", "pk": 10, "fields": {"order": 6, "product": 4, "quantity": 1}}, {"model": "ordersapp.orderitem", "pk": 11, "fields": {"order": 7, "product": 5, "quantity": 4}}, {"model": "ordersapp.orderitem", "pk": 12, "fields": {"order": 7, "product": 4, "quantity": 1}}, {"model": "ordersapp.orderitem", "pk": 13, "fields": {"order": 8, "product": 1, "quantity": 10}}, {"model": "ordersapp.orderitem", "pk": 14, "fields": {"order": 4, "product": 3, "quantity": 1}}, {"model": "ordersapp.orderitem", "pk": 15, "fields": {"order": 8, "product": 2, "quantity": 5}}, {"model": "ordersapp.orderitem", "pk": 16, "fields": {"order": 10, "product": 3, "quantity": 2}}, {"model": "ordersapp.orderitem", "pk": 17, "fields": {"order": 11, "product": 6, "quantity": 4}}, {"model": "ordersapp.orderitem", "pk": 18, "fields": {"order": 12, "product": 1, "quantity": 1}}, {"model": "ordersapp.orderitem", "pk": 19, "fields": {"order": 15, "product": 4, "quantity": 8}}, {"model": "ordersapp.orderitem", "pk": 20, "fields": {"order": 16, "product": 6, "quantity": 1}}, {"model": "ordersapp.orderitem", "pk": 21, "fields": {"order": 16, "product": 3, "quantity": 0}}, {"model": "ordersapp.orderitem", "pk": 22, "fields": {"order": 16, "product": 5, "quantity": 2}}, {"model": "ordersapp.orderitem", "pk": 23, "fields": {"order": 17, "product": 2, "quantity": 2}}, {"model": "ordersapp.orderitem", "pk": 24, "fields": {"order": 18, "product": 4, "quantity": 3}}, {"model": "ordersapp.orderitem", "pk": 25, "fields": {"order": 19, "product": 6, "quantity": 2}}, {"model": "ordersapp.orderitem", "pk": 26, "fields": {"order": 19, "product": 4, "quantity": 1}}, {"model": "ordersapp.orderitem", "pk": 27, "fields": {"order": 19, "product": 3, "quantity": 1}}, {"model": "ordersapp.orderitem", "pk": 28, "fields": {"order": 20, "product": 6, "quantity": 2}}, {"model": "ordersapp.orderitem", "pk": 29, "fields": {"order": 21, "product": 6, "quantity": 2}}, {"model": "ordersapp.orderitem", "pk": 30, "fields": {"order": 22, "product": 4, "quantity": 3}}, {"model": "ordersapp.orderitem", "pk": 31, "fields": {"order": 23, "product": 4, "quantity": 4}}, {"model": "ordersapp.orderitem", "pk": 32, "fields": {"order": 24, "product": 3, "quantity": 3}}, {"model": "ordersapp.orderitem", "pk": 33, "fields": {"order": 23, "product": 1, "quantity": 1}}, {"model": "ordersapp.orderitem", "pk": 34, "fields": {"order": 22, "product": 1, "quantity": 4}}]